,RegisterServlet,HistoryDAOImpl,ProductDAOImpl,Cart,Category,User,ConfirmServlet,History,LogoutServlet,GioHangServlet,LoginServlet,HistoryDAO,ProductDAO,SearchServlet,UpdateUser,CategoryDAO,UserDAO,Product,CategoryDAOImpl,ResetPassword,UserDAOImpl,DBConnect
RegisterServlet,0,0,0,1,0,1,0,0,0,0,0,0,0,0,0,0,0,0,0,0,2,0
HistoryDAOImpl,0,0,0,0,0,0,0,8,0,0,0,4,0,0,0,0,0,0,0,0,0,1
ProductDAOImpl,0,0,0,0,0,0,0,0,0,0,0,0,4,0,0,0,0,8,0,0,0,1
Cart,0,0,0,0,0,0,0,0,0,0,0,0,0,0,0,0,0,2,0,0,0,0
Category,0,0,0,0,0,0,0,0,0,0,0,0,0,0,0,0,0,0,0,0,0,0
User,0,0,0,0,0,0,0,0,0,0,0,0,0,0,0,0,0,0,0,0,0,0
ConfirmServlet,0,2,2,1,0,1,0,1,0,0,0,0,0,0,0,0,0,1,0,0,2,0
History,0,0,0,0,0,0,0,0,0,0,0,0,0,0,0,0,0,0,0,0,0,0
LogoutServlet,0,0,0,0,0,0,0,0,0,0,0,0,0,0,0,0,0,0,0,0,0,0
GioHangServlet,0,0,0,1,0,0,0,0,0,0,0,0,0,0,0,0,0,1,0,0,0,0
LoginServlet,0,0,0,1,0,0,0,0,0,0,0,0,0,0,0,0,0,0,0,0,2,0
HistoryDAO,0,0,0,0,0,0,0,8,0,0,0,0,0,0,0,0,0,0,0,0,0,0
ProductDAO,0,0,0,0,0,0,0,0,0,0,0,0,0,0,0,0,0,8,0,0,0,0
SearchServlet,0,0,0,0,0,0,0,0,0,0,0,0,0,0,0,0,0,0,0,0,0,0
UpdateUser,0,0,0,0,0,1,0,0,0,0,0,0,0,0,0,0,0,0,0,0,2,0
CategoryDAO,0,0,0,0,8,0,0,0,0,0,0,0,0,0,0,0,0,0,0,0,0,0
UserDAO,0,0,0,0,0,8,0,0,0,0,0,0,0,0,0,0,0,0,0,0,0,0
Product,0,0,0,0,0,0,0,0,0,0,0,0,0,0,0,0,0,0,0,0,0,0
CategoryDAOImpl,0,0,0,0,8,0,0,0,0,0,0,0,0,0,0,4,0,0,0,0,0,1
ResetPassword,0,0,0,0,0,1,0,0,0,0,0,0,0,0,0,0,0,0,0,0,2,0
UserDAOImpl,0,0,0,0,0,8,0,0,0,0,0,0,0,0,0,0,4,0,0,0,0,1
DBConnect,0,0,0,0,0,0,0,0,0,0,0,0,0,0,0,0,0,0,0,0,0,0
